<?xml version="1.0" encoding="UTF-8"?>
<office:document-meta xmlns:office="urn:oasis:names:tc:opendocument:xmlns:office:1.0" xmlns:xlink="http://www.w3.org/1999/xlink" xmlns:dc="http://purl.org/dc/elements/1.1/" xmlns:meta="urn:oasis:names:tc:opendocument:xmlns:meta:1.0" xmlns:ooo="http://openoffice.org/2004/office" xmlns:grddl="http://www.w3.org/2003/g/data-view#" office:version="1.2"><office:meta><meta:initial-creator>evan </meta:initial-creator><meta:creation-date>2014-07-23T02:26:25.337293564</meta:creation-date><meta:generator>LibreOffice/4.2.3.3$Linux_X86_64 LibreOffice_project/420m0$Build-3</meta:generator><dc:date>2014-07-23T04:13:10.889875639</dc:date><dc:creator>evan </dc:creator><meta:editing-duration>P0D</meta:editing-duration><meta:editing-cycles>2</meta:editing-cycles><meta:document-statistic meta:table-count="0" meta:image-count="0" meta:object-count="0" meta:page-count="1" meta:paragraph-count="2" meta:word-count="8" meta:character-count="35" meta:non-whitespace-character-count="29"/></office:meta></office:document-meta>