<?xml version='1.0' encoding='ASCII'?>
<office:document-meta xmlns:office="urn:oasis:names:tc:opendocument:xmlns:office:1.0" xmlns:xlink="http://www.w3.org/1999/xlink" xmlns:dc="http://purl.org/dc/elements/1.1/" xmlns:meta="urn:oasis:names:tc:opendocument:xmlns:meta:1.0" xmlns:ooo="http://openoffice.org/2004/office" xmlns:grddl="http://www.w3.org/2003/g/data-view#" office:version="1.2"><office:meta><meta:initial-creator>evan </meta:initial-creator><meta:creation-date>2014-07-03T03:50:14.354501225</meta:creation-date><dc:date>2014-07-06T18:55:57.004686195</dc:date><dc:creator>evan </dc:creator><meta:editing-duration>P0D</meta:editing-duration><meta:editing-cycles>4</meta:editing-cycles><meta:generator>LibreOffice/4.2.3.3$Linux_X86_64 LibreOffice_project/420m0$Build-3</meta:generator><meta:document-statistic meta:table-count="0" meta:image-count="0" meta:object-count="0" meta:page-count="1" meta:paragraph-count="1" meta:word-count="12" meta:character-count="81" meta:non-whitespace-character-count="70"/></office:meta></office:document-meta>